Div,Date,HomeTeam,AwayTeam,FTHG,FTAG,FTR,HTHG,HTAG,HTR,B365H,B365D,B365A,BWH,BWD,BWA,IWH,IWD,IWA,LBH,LBD,LBA,PSH,PSD,PSA,WHH,WHD,WHA,VCH,VCD,VCA,Bb1X2,BbMxH,BbAvH,BbMxD,BbAvD,BbMxA,BbAvA,BbOU,BbMx>2.5,BbAv>2.5,BbMx<2.5,BbAv<2.5,BbAH,BbAHh,BbMxAHH,BbAvAHH,BbMxAHA,BbAvAHA
B1,11/12/15,Westerlo,Genk,,,,,,,3.75,3.8,1.85,4.1,3.5,1.85,3.6,3.3,2,3.8,3.6,1.85,4.23,3.8,1.9,3.4,3.4,2,4,3.75,1.87,50,4.3,3.93,3.8,3.58,2,1.88,44,1.83,1.76,2.11,2.02,29,0.5,2.03,1.96,1.92,1.86
B1,12/12/15,Charleroi,Oud-Heverlee Leuven,,,,,,,1.8,3.75,4.2,1.75,3.8,4.2,1.8,3.5,4.2,1.8,3.6,4.33,1.81,3.86,4.7,1.8,3.5,4,1.8,3.8,4.33,50,1.82,1.77,3.95,3.67,4.75,4.3,44,1.85,1.77,2.09,2.01,28,-0.75,2.09,2,1.9,1.81
B1,12/12/15,Kortrijk,Mouscron-Peruwelz,,,,,,,1.75,3.75,4.33,1.8,3.7,4.5,1.75,3.5,4.5,1.75,3.5,4.5,1.81,3.71,4.95,1.73,3.4,4.6,1.8,3.6,4.6,49,1.81,1.76,3.9,3.56,5.02,4.55,44,2.1,2.02,1.83,1.75,28,-0.75,2.09,2.01,1.89,1.81
B1,12/12/15,Mechelen,Lokeren,,,,,,,2,3.3,3.8,2,3.5,3.5,2,3.3,3.6,1.95,3.4,3.75,2.04,3.58,3.92,2.05,3.25,3.4,2,3.5,3.8,50,2.05,1.99,3.58,3.39,3.93,3.68,45,2.06,1.97,1.88,1.81,28,-0.5,2.04,1.97,1.91,1.85
B1,12/12/15,Waregem,Waasland-Beveren,,,,,,,1.57,4,5.5,1.62,4,5.5,1.55,3.9,5.6,1.6,4,5.25,1.62,4.28,5.78,1.62,3.8,4.8,1.6,4.2,5.4,50,1.65,1.59,4.28,3.99,5.78,5.3,37,1.65,1.62,2.33,2.22,30,-1,2.15,2.01,1.87,1.81
B1,13/12/15,Anderlecht,Oostende,,,,,,,1.45,4.5,6.5,1.44,4.5,6.5,1.45,4,7,1.48,4.2,6.5,1.5,4.55,7.25,1.5,4.2,5.5,1.5,4.4,6.5,50,1.52,1.47,4.55,4.31,7.25,6.38,40,1.74,1.67,2.25,2.13,30,-1,1.87,1.8,2.11,2.03
B1,13/12/15,St Truiden,Gent,,,,,,,4.75,3.5,1.75,4.5,3.7,1.8,4.2,3.5,1.8,4.33,3.6,1.8,4.71,3.87,1.8,4,3.5,1.8,4.4,3.8,1.8,49,4.75,4.38,3.87,3.65,1.83,1.76,44,1.91,1.79,2.07,1.98,28,0.75,1.88,1.83,2.06,1.99
B1,13/12/15,Standard,Club Brugge,,,,,,,3.2,3.4,2.2,3,3.4,2.25,2.9,3.3,2.3,3.1,3.4,2.25,3.2,3.62,2.29,2.88,3.4,2.25,3.1,3.5,2.25,49,3.2,3.04,3.63,3.41,2.3,2.23,45,1.84,1.75,2.13,2.03,28,0.25,1.92,1.87,2,1.94
D1,11/12/15,Mainz,Stuttgart,,,,,,,2.05,3.6,3.5,2.1,3.3,3.4,2.1,3.3,3.3,2,3.5,3.5,2.08,3.77,3.65,2.1,3.6,3.1,2.1,3.75,3.4,48,2.1,2.06,3.8,3.58,3.66,3.45,40,1.67,1.62,2.4,2.27,28,-0.5,2.11,2.06,1.87,1.82
D1,12/12/15,Bayern Munich,Ingolstadt,,,,,,,1.07,13,29,1.08,11,31,1.1,8,20,1.09,11,41,1.09,13,37,1.08,10,34,1.07,12,36,48,1.1,1.08,13.13,10.86,60,35.2,36,1.43,1.4,3,2.85,30,-2.5,1.91,1.85,2.08,2.01
D1,12/12/15,Darmstadt,Hertha,,,,,,,3.1,3.1,2.5,2.9,3.1,2.5,2.65,3.3,2.5,3,3,2.5,3.17,3.18,2.56,3.1,3,2.5,3.1,3.2,2.5,48,3.2,3.03,3.3,3.07,2.61,2.5,37,2.61,2.43,1.57,1.54,27,0,2.2,2.12,1.79,1.75
D1,12/12/15,Hoffenheim,Hannover,,,,,,,1.8,3.5,4.5,1.87,3.4,4.1,2,3.3,3.6,1.83,3.6,4.2,1.88,3.73,4.5,1.91,3.5,4,1.85,3.8,4.2,46,2,1.86,3.8,3.57,4.5,4.21,41,1.94,1.86,2,1.93,27,-0.5,1.9,1.85,2.06,2.01
D1,12/12/15,Leverkusen,M'gladbach,,,,,,,1.95,3.75,3.75,2,3.6,3.7,2.1,3.3,3.3,1.91,3.75,3.6,1.99,3.92,3.81,2,3.5,3.6,2,3.8,3.6,48,2.1,1.96,3.98,3.69,3.85,3.65,42,1.68,1.62,2.38,2.26,28,-0.5,2,1.95,1.96,1.91
D1,12/12/15,Werder Bremen,FC Koln,,,,,,,2.5,3.3,2.88,2.5,3.3,2.7,2.5,3.3,2.65,2.5,3.3,2.8,2.51,3.47,3.01,2.5,3.3,2.8,2.45,3.5,2.88,48,2.55,2.47,3.5,3.32,3.05,2.86,43,1.98,1.91,1.95,1.88,27,0,1.83,1.79,2.15,2.06
D1,12/12/15,Wolfsburg,Hamburg,,,,,,,1.57,4.2,5.75,1.6,4,5.75,1.6,3.7,5.4,1.55,4,5.75,1.58,4.44,6.2,1.6,3.75,6,1.55,4.4,6,48,1.6,1.56,4.44,4.14,6.25,5.84,42,1.72,1.67,2.27,2.17,30,-1,1.97,1.93,1.99,1.93
D1,13/12/15,Augsburg,Schalke 04,,,,,,,2.63,3.5,2.63,2.7,3.3,2.65,2.6,3.2,2.6,2.62,3.3,2.62,2.74,3.51,2.7,2.62,3.3,2.62,2.63,3.6,2.6,48,2.8,2.64,3.6,3.38,2.75,2.62,43,1.87,1.8,2.12,2,26,0,2.06,1.95,1.95,1.89
D1,13/12/15,Dortmund,Ein Frankfurt,,,,,,,1.17,8,15,1.18,7.5,15,1.2,5.8,13,1.17,8,15,1.18,9,16,1.17,7.5,15,1.15,9,17,48,1.2,1.17,9,7.78,19,14.75,36,1.3,1.28,2.16,2.07,28,-2,1.74,1.69,3.75,3.55
D2,11/12/15,Bochum,Paderborn,,,,,,,1.85,3.6,4,1.9,3.4,3.9,2,3.3,3.6,1.85,3.6,4,1.92,3.8,4.15,1.83,3.6,3.75,1.91,3.8,4,48,2,1.87,3.8,3.62,4.15,3.84,43,1.77,1.7,2.2,2.11,27,-0.5,1.93,1.87,2.02,1.95
D2,11/12/15,Munich 1860,Heidenheim,,,,,,,2.38,3,3.2,2.4,3.2,2.85,2.3,3.2,3,2.4,3.1,3.1,2.47,3.16,3.29,2.3,3,3.1,2.4,3.2,3.2,48,2.47,2.36,3.25,3.08,3.29,3.09,35,2.59,2.41,1.6,1.53,26,-0.25,2.1,2.02,1.85,1.8
D2,11/12/15,Sandhausen,Braunschweig,,,,,,,2.9,3.1,2.5,2.75,3,2.6,2.6,3.2,2.6,2.9,3,2.5,3.05,3.16,2.62,2.8,3,2.5,3,3.13,2.6,48,3.05,2.89,3.2,3.05,2.67,2.51,36,2.54,2.38,1.6,1.54,26,0,2.13,2.05,1.83,1.77
D2,12/12/15,Fortuna Dusseldorf,Union Berlin,,,,,,,2.38,3.3,2.9,2.35,3.2,2.95,2.2,3.3,3.1,2.38,3.25,3,2.43,3.36,3.16,2.15,3.3,3.1,2.4,3.4,3,47,2.44,2.31,3.4,3.27,3.2,2.98,42,1.92,1.84,2.02,1.92,25,-0.25,2.11,2.02,1.87,1.8
D2,12/12/15,Karlsruhe,Greuther Furth,,,,,,,2.1,3.3,3.5,2.2,3.1,3.25,2.3,3.3,2.9,2.1,3.25,3.5,2.16,3.43,3.69,2.15,3.1,3.3,2.15,3.4,3.6,48,2.3,2.11,3.43,3.28,3.69,3.38,42,2.26,2.15,1.72,1.66,26,-0.25,1.86,1.82,2.07,2
D2,13/12/15,Kaiserslautern,Duisburg,,,,,,,1.67,3.75,5,1.67,3.7,4.75,1.7,3.6,4.7,1.67,3.6,5.5,1.65,3.93,6.02,1.62,3.75,5,1.67,3.9,5.4,47,1.7,1.64,3.93,3.72,6.02,5.19,42,2.04,1.94,1.9,1.82,25,-1,2.25,2.17,1.75,1.68
D2,13/12/15,Nurnberg,Freiburg,,,,,,,2.4,3.3,2.9,2.6,3.1,2.7,2.5,3.3,2.65,2.5,3.25,2.8,2.54,3.36,3.04,2.4,3.3,2.7,2.5,3.4,2.9,47,2.6,2.44,3.41,3.25,3.04,2.79,42,1.92,1.81,2.05,1.95,25,0,1.85,1.77,2.15,2.03
D2,13/12/15,RB Leipzig,Frankfurt FSV,,,,,,,1.4,4.5,8,1.4,4.6,6.75,1.4,4.4,7.3,1.36,4.5,9,1.39,4.98,9.64,1.4,4.33,7,1.4,4.8,8.5,45,1.4,1.36,4.98,4.62,9.64,8.26,40,1.78,1.72,2.18,2.06,24,-1.25,1.89,1.85,2.04,1.97
D2,14/12/15,Bielefeld,St Pauli,,,,,,,2.6,3,2.9,2.7,3,2.7,2.6,3.2,2.6,2.62,3.1,2.8,2.7,3.24,2.89,2.6,3,2.7,2.7,3.25,2.75,47,2.7,2.6,3.25,3.1,2.9,2.72,35,2.41,2.25,1.65,1.59,25,0,1.93,1.86,2.02,1.93
E0,12/12/15,Bournemouth,Man United,,,,,,,3.4,3.4,2.3,3.2,3.3,2.3,3,3.2,2.3,3.3,3.4,2.3,3.46,3.39,2.29,3.2,3.2,2.3,3.5,3.3,2.3,50,3.5,3.33,3.4,3.28,2.3,2.26,44,2.23,2.14,1.76,1.69,27,0.25,1.99,1.94,1.97,1.92
E0,12/12/15,Crystal Palace,Southampton,,,,,,,2.6,3.3,3,2.6,3.25,2.65,2.5,3.2,2.75,2.5,3.2,2.9,2.55,3.32,3.06,2.5,3.1,3,2.55,3.3,3,50,2.6,2.52,3.4,3.22,3.06,2.92,44,2.22,2.11,1.79,1.72,27,0,1.83,1.79,2.15,2.07
E0,12/12/15,Man City,Swansea,,,,,,,1.3,6,11,1.3,5.25,11,1.3,5,9,1.3,5.5,10,1.32,5.9,10.9,1.33,4.8,10,1.3,6,11.5,50,1.33,1.3,6,5.56,11.5,10.18,38,1.56,1.53,2.6,2.46,30,-1.5,1.9,1.84,2.08,2.02
E0,12/12/15,Norwich,Everton,,,,,,,2.9,3.5,2.55,2.8,3.3,2.55,2.65,3.3,2.5,2.9,3.4,2.5,2.92,3.56,2.52,2.9,3.2,2.5,2.9,3.5,2.55,50,3,2.85,3.6,3.4,2.55,2.48,45,1.91,1.83,2.05,1.96,27,0,2.12,2.07,1.83,1.79
E0,12/12/15,Sunderland,Watford,,,,,,,2.9,3.3,2.63,2.9,3.1,2.65,2.6,3.2,2.6,2.8,3.1,2.6,2.86,3.31,2.71,2.75,3,2.75,2.88,3.3,2.7,50,2.9,2.8,3.31,3.2,2.75,2.64,43,2.23,2.13,1.76,1.69,27,0,2.02,1.98,1.92,1.87
E0,12/12/15,West Ham,Stoke,,,,,,,2.63,3.3,2.9,2.65,3.1,2.9,2.5,3.3,2.65,2.5,3.1,2.8,2.63,3.33,2.94,2.62,3.1,2.8,2.6,3.25,3,50,2.66,2.55,3.4,3.19,3,2.89,43,2.26,2.18,1.77,1.67,27,0,1.86,1.82,2.09,2.04
E0,13/12/15,Aston Villa,Arsenal,,,,,,,6.5,4.2,1.57,6.5,3.9,1.57,5.5,4,1.55,6,4,1.53,6.24,4.24,1.6,6.5,3.75,1.57,7,4.2,1.55,50,7,6.1,4.24,4.06,1.61,1.57,45,1.94,1.87,2,1.93,30,1,1.94,1.89,2.03,1.96
E0,13/12/15,Liverpool,West Brom,,,,,,,1.4,4.75,10,1.4,4.5,8.5,1.4,4.4,7.3,1.4,4.33,9,1.45,4.59,9,1.4,4.33,9,1.44,4.6,9.5,50,1.45,1.41,4.8,4.42,10,8.84,45,2.1,2.02,1.87,1.78,28,-1.5,2.38,2.27,1.7,1.67
E0,13/12/15,Tottenham,Newcastle,,,,,,,1.36,5.5,9,,,,1.4,4.4,7.3,1.36,5,8,1.39,5.32,9,1.4,4.33,9,1.36,5.4,9.5,50,1.4,1.37,5.5,4.96,9.5,8.4,39,1.62,1.57,2.46,2.35,30,-1.5,2.1,2.03,1.88,1.83
E0,14/12/15,Leicester,Chelsea,,,,,,,3.2,3.5,2.35,3,3.3,2.4,3,3.2,2.3,3,3.4,2.3,3.11,3.59,2.38,3.2,3.2,2.3,3.13,3.5,2.4,48,3.4,3.07,3.6,3.4,2.43,2.33,43,1.99,1.9,1.98,1.89,26,0.25,1.88,1.84,2.07,2.02
E1,11/12/15,Blackburn,Rotherham,,,,,,,1.65,4,6,1.57,3.6,6,1.55,3.7,5,1.62,3.75,5.5,1.66,4,5.98,1.61,3.75,5.5,1.65,4.1,5.75,49,1.68,1.62,4.1,3.81,6.2,5.68,44,2.03,1.97,1.89,1.81,29,-1,2.2,2.11,1.79,1.75
E1,11/12/15,Wolves,Nott'm Forest,,,,,,,2.3,3.4,3.4,2.2,3.2,3.2,2.1,3.1,3.2,2.25,3.3,3.4,2.35,3.36,3.37,2.15,3.1,3.3,2.38,3.4,3.25,49,2.38,2.26,3.4,3.24,3.5,3.26,44,2.2,2.07,1.8,1.73,27,-0.5,2.36,2.29,1.68,1.64
E1,12/12/15,Cardiff,Sheffield Weds,,,,,,,2.7,3.25,2.9,2.55,3.2,2.65,2.5,3.1,2.6,2.62,3.1,2.75,2.76,3.25,2.82,2.7,3.1,2.7,2.7,3.3,2.88,49,2.76,2.62,3.3,3.15,2.9,2.76,37,2.41,2.27,1.63,1.59,26,0,1.94,1.87,2.05,1.96
E1,12/12/15,Charlton,Leeds,,,,,,,2.88,3.4,2.6,2.7,3.25,2.5,2.55,3.1,2.55,2.75,3.1,2.62,2.83,3.3,2.71,2.7,3.2,2.6,2.8,3.4,2.7,49,3,2.78,3.4,3.2,2.71,2.57,43,2.27,2.15,1.74,1.67,26,0,2.02,1.97,1.92,1.86
E1,12/12/15,Derby,Brighton,,,,,,,2,3.5,4.2,1.9,3.4,3.9,1.9,3.2,3.6,2,3.3,3.8,2.03,3.5,4.07,2,3.2,4,2,3.5,4.1,49,2.1,1.99,3.5,3.34,4.2,3.89,44,2.25,2.15,1.74,1.67,27,-0.5,2.05,1.99,1.91,1.86
E1,12/12/15,Fulham,Brentford,,,,,,,2.5,3.6,2.9,2.4,3.4,2.7,2.4,3.1,2.7,2.5,3.4,2.7,2.47,3.61,2.91,2.5,3.2,2.9,2.5,3.7,2.8,49,2.6,2.44,3.7,3.44,2.91,2.78,38,1.7,1.62,2.41,2.24,26,0,1.85,1.8,2.11,2.03
E1,12/12/15,Huddersfield,Bristol City,,,,,,,2.3,3.4,3.4,2.25,3.4,2.95,2.3,3.1,2.8,2.15,3.3,3.4,2.25,3.44,3.44,2.3,3.2,3.2,2.25,3.4,3.4,49,2.3,2.21,3.5,3.3,3.5,3.28,44,2.15,2.04,1.85,1.75,27,-0.5,2.25,2.18,1.76,1.7
E1,12/12/15,Hull,Bolton,,,,,,,1.5,4.33,8,1.48,4.1,6.25,1.5,3.8,5.5,1.48,4,7,1.51,4.35,7.65,1.5,4,7,1.5,4.33,8,49,1.53,1.48,4.35,4.12,8,7.05,44,2.12,2.04,1.83,1.75,28,-1,1.88,1.84,2.07,2
E1,12/12/15,Middlesbrough,Birmingham,,,,,,,1.55,4.33,6.5,1.5,4,6.25,1.5,3.8,5.5,1.5,4,6,1.56,4.3,6.5,1.57,3.8,6,1.53,4.33,7,49,1.6,1.53,4.33,4.03,7,6.23,44,2.06,1.97,1.87,1.81,28,-1,1.98,1.91,1.99,1.92
E1,12/12/15,Milton Keynes Dons,Ipswich,,,,,,,3.5,3.5,2.2,3.2,3.2,2.2,2.8,3.1,2.3,3.3,3.3,2.2,3.39,3.43,2.28,3.2,3.2,2.3,3.4,3.5,2.25,43,3.5,3.23,3.5,3.3,2.3,2.22,44,2.09,2,1.9,1.78,27,0.5,1.74,1.69,2.29,2.2
E1,12/12/15,Preston,Reading,,,,,,,2.7,3.2,2.9,2.5,3.1,2.8,2.4,3.1,2.7,2.5,3.1,2.88,2.68,3.2,2.94,2.7,3,2.7,2.7,3.2,2.9,49,2.7,2.59,3.3,3.09,3,2.85,36,2.67,2.48,1.53,1.51,26,0,1.88,1.83,2.05,2
E1,12/12/15,QPR,Burnley,,,,,,,2.3,3.3,3.5,2.25,3.2,3.1,2.4,3.1,2.7,2.3,3.1,3.25,2.41,3.2,3.36,2.3,3.2,3.2,2.38,3.25,3.4,49,2.41,2.29,3.4,3.15,3.5,3.28,37,2.54,2.38,1.6,1.55,26,-0.5,2.38,2.26,1.7,1.66
E2,12/12/15,Bradford,Southend,,,,,,,2.05,3.5,3.9,1.9,3.4,3.6,2,3.3,3.3,2,3.3,3.8,2.06,3.51,3.91,2,3.2,4,2.05,3.5,3.75,46,2.06,1.98,3.55,3.34,4.1,3.73,35,2.3,2.19,1.69,1.63,22,-0.5,2.07,1.99,1.87,1.83
E2,12/12/15,Bury,Chesterfield,,,,,,,2.4,3.6,3,2.15,3.3,3,2.3,3.2,2.8,2.25,3.5,2.9,2.35,3.71,3.03,2.2,3.5,3.1,2.3,3.7,3,46,2.4,2.25,3.71,3.44,3.25,2.97,41,1.88,1.8,2.1,1.97,23,-0.25,2.04,1.97,1.91,1.85
E2,12/12/15,Colchester,Barnsley,,,,,,,2.6,3.8,2.63,2.5,3.3,2.5,2.5,3.2,2.6,2.5,3.6,2.62,2.61,3.74,2.67,2.6,3.4,2.62,2.55,3.8,2.6,46,2.7,2.53,3.8,3.47,2.75,2.58,36,1.65,1.6,2.42,2.25,23,0,1.96,1.89,1.98,1.91
E2,12/12/15,Doncaster,Crewe,,,,,,,1.62,4.2,6,1.55,3.75,5.25,1.6,3.6,5,1.62,3.8,5.5,1.66,4.04,5.73,1.62,3.8,5.5,1.65,4.1,5.25,46,1.66,1.61,4.2,3.78,6,5.42,39,1.92,1.83,2.02,1.92,23,-0.75,1.87,1.82,2.08,2.01
E2,12/12/15,Fleetwood Town,Walsall,,,,,,,3.3,3.5,2.3,3,3.2,2.2,3,3.2,2.2,3.2,3.3,2.2,3.31,3.51,2.28,3.2,3.3,2.25,3.2,3.5,2.25,46,3.31,3.11,3.51,3.31,2.3,2.23,41,2.03,1.95,1.9,1.81,23,0.25,1.95,1.89,1.98,1.93
E2,12/12/15,Gillingham,Burton,,,,,,,2.5,3.4,3,2.35,3.1,2.85,2.3,3.2,2.8,2.4,3.3,2.9,2.47,3.42,3.05,2.3,3.2,3.2,2.4,3.4,3,46,2.5,2.35,3.42,3.23,3.2,2.98,41,2.11,2.02,1.82,1.75,23,-0.25,2.1,2.02,1.87,1.81
E2,12/12/15,Oldham,Millwall,,,,,,,3.4,3.6,2.2,3,3.3,2.15,3.1,3.3,2.1,3.3,3.4,2.15,3.46,3.5,2.22,3.3,3.3,2.2,3.3,3.6,2.2,46,3.46,3.26,3.6,3.34,2.23,2.15,41,2.02,1.94,1.91,1.82,23,0.25,2.01,1.95,1.93,1.87
E2,12/12/15,Peterboro,Shrewsbury,,,,,,,1.75,4.25,4.5,1.67,3.6,4.4,1.8,3.4,4,1.73,4,4.33,1.75,4.25,4.6,1.75,3.7,4.5,1.75,4.2,4.2,46,1.8,1.72,4.25,3.89,4.6,4.3,35,1.57,1.54,2.51,2.38,21,-0.75,2.02,1.94,1.96,1.87
E2,12/12/15,Port Vale,Scunthorpe,,,,,,,2.4,3.6,3,2.25,3.4,2.75,2.3,3.2,2.8,2.3,3.5,2.9,2.47,3.62,2.93,2.4,3.1,3.1,2.4,3.6,2.9,46,2.47,2.34,3.62,3.37,3.1,2.87,41,1.91,1.85,2,1.91,23,-0.25,2.12,2.05,1.84,1.79
E2,12/12/15,Swindon,Rochdale,,,,,,,3.1,3.6,2.38,2.7,3.4,2.3,2.8,3.2,2.3,3,3.5,2.25,3.01,3.64,2.39,3,3.3,2.38,3,3.6,2.3,46,3.1,2.93,3.64,3.4,2.4,2.29,41,1.88,1.79,2.06,1.97,21,0.25,1.87,1.83,2.07,1.99
E2,12/12/15,Wigan,Blackpool,,,,,,,1.44,4.75,8,1.42,4.2,6.5,1.45,3.9,6.5,1.44,4.2,7.5,1.45,4.62,8.25,1.44,4.2,8,1.45,4.6,7.5,46,1.47,1.43,4.75,4.27,8.25,7.25,41,1.92,1.83,2,1.92,23,-1.25,2.11,2.03,1.86,1.8
E2,13/12/15,Sheffield United,Coventry,,,,,,,2.4,3.6,3,2.1,3.3,3.1,2.1,3.3,3.1,2.25,3.5,3,2.33,3.63,3.11,2.3,3.2,3.2,2.25,3.6,3.1,46,2.4,2.24,3.63,3.4,3.25,3.02,41,1.82,1.76,2.12,2.01,23,-0.25,2.01,1.96,1.94,1.87
E3,12/12/15,Accrington,Wycombe,,,,,,,2,3.6,4,1.91,3.3,3.6,2,3.3,3.3,2,3.4,3.6,2.09,3.59,3.74,2.05,3.3,3.75,2.05,3.6,3.6,47,2.1,1.99,3.6,3.41,4,3.61,40,2.06,1.99,1.87,1.77,23,-0.5,2.09,2.01,1.86,1.81
E3,12/12/15,AFC Wimbledon,Stevenage,,,,,,,1.7,4,5.25,1.62,3.7,4.75,1.7,3.5,4.4,1.7,3.8,4.5,1.77,3.99,4.77,1.7,3.75,5,1.73,4,4.6,47,1.77,1.69,4,3.76,5.5,4.69,42,1.91,1.84,2.01,1.92,24,-0.75,2,1.93,1.94,1.89
E3,12/12/15,Bristol Rvs,York,,,,,,,1.5,4.5,7.5,1.45,4.2,5.75,1.5,3.8,5.7,1.5,4.2,6.5,1.52,4.51,6.95,1.53,3.8,7,1.53,4.5,6.25,47,1.53,1.48,4.51,4.22,7.5,6.28,42,1.77,1.7,2.21,2.08,26,-1,1.88,1.82,2.05,2
E3,12/12/15,Crawley Town,Dag and Red,,,,,,,2.2,3.5,3.5,2.1,3.2,3.2,2.1,3.3,3.1,2.2,3.3,3.25,2.25,3.47,3.42,2.1,3.3,3.5,2.25,3.5,3.25,47,2.25,2.16,3.5,3.3,3.5,3.28,42,2.14,2.02,1.81,1.75,18,-0.5,2.26,2.17,1.75,1.7
E3,12/12/15,Luton,Northampton,,,,,,,2.4,3.6,3,2.25,3.4,2.8,2.3,3.2,2.8,2.3,3.4,2.9,2.41,3.59,3.01,2.4,3.1,3.1,2.3,3.6,3,47,2.41,2.31,3.6,3.36,3.1,2.92,42,2.02,1.92,1.94,1.84,23,0,1.74,1.7,2.26,2.15
E3,12/12/15,Mansfield,Leyton Orient,,,,,,,2.6,3.5,2.8,2.55,3.25,2.5,2.6,3.2,2.5,2.6,3.3,2.62,2.71,3.48,2.71,2.7,3.1,2.7,2.63,3.5,2.63,47,2.71,2.59,3.5,3.26,2.8,2.63,40,2.11,2.02,1.83,1.74,24,0,1.96,1.89,1.98,1.91
E3,12/12/15,Morecambe,Exeter,,,,,,,2.4,3.6,3,2.35,3.4,2.65,2.3,3.2,2.8,2.38,3.4,2.8,2.41,3.68,2.97,2.3,3.4,3,2.4,3.6,2.9,47,2.41,2.34,3.68,3.41,3,2.85,42,1.82,1.75,2.13,2.02,24,0,1.79,1.74,2.19,2.09
E3,12/12/15,Notts County,Newport County,,,,,,,1.8,3.8,4.75,1.75,3.5,4.2,1.8,3.4,4,1.75,3.8,4.33,1.82,3.92,4.53,1.8,3.5,4.5,1.75,3.9,4.75,47,1.91,1.77,3.92,3.6,4.75,4.38,42,2.07,1.98,1.88,1.79,25,-0.5,1.81,1.76,2.16,2.09
E3,12/12/15,Oxford,Carlisle,,,,,,,1.67,4.2,5.25,1.62,3.7,4.6,1.65,3.5,4.6,1.67,4,4.75,1.7,4.18,5.06,1.7,3.75,5,1.67,4.2,5,42,1.73,1.65,4.2,3.9,5.35,4.86,39,1.8,1.73,2.2,2.05,24,-0.75,1.88,1.83,2.08,2
E3,12/12/15,Plymouth,Cambridge,,,,,,,2.15,3.6,3.6,1.95,3.3,3.5,,,,2.1,3.5,3.3,2.14,3.69,3.49,1.95,3.6,3.6,2.1,3.6,3.5,47,2.15,2.06,3.69,3.41,3.6,3.42,42,2.07,1.99,1.88,1.78,25,-0.5,2.15,2.08,1.82,1.76
E3,12/12/15,Portsmouth,Hartlepool,,,,,,,1.44,4.75,8,1.4,4.25,6.75,1.4,4.1,7,1.44,4.5,7,1.44,4.83,7.94,1.44,4.2,8,1.44,4.75,7.5,47,1.45,1.42,4.83,4.39,8.03,7.24,42,1.88,1.8,2.07,1.96,25,-1,1.74,1.7,2.25,2.17
E3,12/12/15,Yeovil,Barnet,,,,,,,2.9,3.5,2.5,2.75,3.25,2.35,2.6,3.2,2.5,3,3.3,2.3,3.12,3.53,2.37,2.9,3.2,2.5,3,3.5,2.38,47,3.12,2.88,3.53,3.3,2.62,2.37,42,2.05,1.95,1.9,1.81,24,0.25,1.88,1.81,2.08,2.02
F1,11/12/15,Rennes,Caen,,,,,,,2.38,3.25,3.2,2.45,3.2,3,2.2,3.1,3.3,2.38,3.1,3.1,2.43,3.28,3.3,2.2,3.25,3.3,2.45,3.2,3.3,49,2.47,2.35,3.28,3.16,3.4,3.18,42,2.45,2.34,1.65,1.58,27,-0.25,2.09,2.02,1.89,1.82
F1,12/12/15,Lille,Lorient,,,,,,,1.75,3.5,5.25,1.85,3.3,4.33,1.9,3.3,4,1.75,3.3,5,1.81,3.47,5.44,1.8,3.3,5,1.8,3.5,5.4,50,1.9,1.8,3.5,3.37,5.44,4.85,38,2.51,2.37,1.6,1.56,26,-0.5,1.85,1.79,2.13,2.06
F1,12/12/15,Montpellier,Guingamp,,,,,,,2,3.3,4,2.05,3.2,3.9,2.1,3.15,3.45,2,3.1,4,2.06,3.32,4.19,2.05,3.1,4,2.05,3.3,4.2,50,2.1,2.03,3.4,3.23,4.2,3.9,38,2.4,2.27,1.65,1.6,28,-0.5,2.06,2.01,1.88,1.83
F1,12/12/15,Nantes,Toulouse,,,,,,,2.38,3.1,3.3,2.4,2.95,3.2,2.2,3.1,3.3,2.3,3.1,3.2,2.46,3.25,3.21,2.4,3,3.2,2.4,3.2,3.4,50,2.47,2.36,3.25,3.11,3.4,3.18,38,2.5,2.36,1.62,1.56,27,-0.25,2.1,2.01,1.88,1.83
F1,12/12/15,Reims,Nice,,,,,,,2.6,3.1,2.9,2.65,3.1,2.85,2.6,3.1,2.7,2.6,3.2,2.75,2.67,3.35,2.84,2.7,3.1,2.7,2.7,3.3,2.88,50,2.7,2.61,3.35,3.19,2.9,2.75,45,2.11,2.05,1.83,1.76,27,0,1.93,1.87,2.02,1.95
F1,12/12/15,Troyes,Bastia,,,,,,,2.38,3.1,3.3,2.4,2.95,3.2,2.3,3.1,3.1,2.3,3,3.3,2.38,3.21,3.41,2.4,3.1,3.1,2.38,3.25,3.4,50,2.41,2.33,3.25,3.13,3.41,3.22,38,2.42,2.26,1.65,1.61,26,0,1.69,1.64,2.37,2.29
F1,13/12/15,Angers,Bordeaux,,,,,,,2.4,3,3.3,2.45,3,3,2.5,3.1,2.8,2.4,2.9,3.25,2.45,3.1,3.39,2.5,3,3.1,2.45,3,3.5,49,2.5,2.42,3.15,3,3.5,3.19,37,2.9,2.66,1.51,1.45,26,-0.25,2.07,2.02,1.89,1.83
F1,13/12/15,Marseille,Ajaccio GFCO,,,,,,,1.4,4.75,8,1.42,4.5,8.25,1.4,4.3,7.5,1.4,4.33,8,1.44,4.63,8.68,1.44,4.2,8,1.4,4.75,9.5,50,1.44,1.41,4.78,4.42,9.5,8.15,45,1.88,1.81,2.04,1.97,27,-1.5,2.28,2.2,1.73,1.69
F1,13/12/15,Monaco,St Etienne,,,,,,,2.05,3.25,4,2.1,3.1,4,2.1,3.15,3.45,2.05,3.1,3.8,2.13,3.23,4.07,2.1,3.1,3.8,2.1,3.3,4,50,2.14,2.07,3.3,3.19,4.1,3.81,38,2.38,2.29,1.65,1.6,28,-0.5,2.13,2.07,1.83,1.78
F1,13/12/15,Paris SG,Lyon,,,,,,,1.25,5.5,13,1.28,5.25,13,1.3,5,9,1.25,6,12,1.27,6.21,13.42,1.22,5.5,15,1.29,5.75,13,49,1.3,1.25,6.21,5.64,15,12.17,37,1.66,1.6,2.4,2.28,29,-1.5,1.79,1.75,2.2,2.11
F2,11/12/15,Ajaccio,Creteil,,,,,,,2.05,3.1,4,2.1,3.1,3.6,2.2,2.8,3.3,2.05,3,4,2.1,3.2,4.25,2,2.9,4,2.05,3.1,4.33,49,2.22,2.04,3.25,3.06,4.33,3.85,36,2.6,2.47,1.54,1.51,26,-0.25,1.81,1.74,2.2,2.12
F2,11/12/15,Auxerre,Sochaux,,,,,,,2.3,3,3.4,2.4,2.8,3.3,2.3,2.8,3.1,2.4,2.88,3.4,2.45,2.98,3.56,2.38,2.88,3.1,2.4,3,3.5,49,2.45,2.34,3,2.9,3.64,3.3,37,2.75,2.61,1.5,1.46,26,-0.25,2.05,1.99,1.88,1.83
F2,11/12/15,Bourg Peronnas,Red Star,,,,,,,2.5,3,3,2.6,2.95,2.8,2.2,2.8,3.3,2.6,3,2.9,2.68,3.11,3.04,2.25,3.1,3.1,2.7,3.13,2.9,47,2.7,2.52,3.15,3.03,3.3,2.87,41,2.25,2.15,1.75,1.66,23,-0.25,2.27,2.19,1.76,1.69
F2,11/12/15,Clermont,Laval,,,,,,,2.05,3.1,4,2.1,3,3.7,2.2,2.8,3.3,2.1,3,3.8,2.15,3.21,4.04,2.05,3.1,3.6,2.15,3.1,4,49,2.2,2.07,3.23,3.07,4.12,3.75,37,2.5,2.38,1.57,1.54,26,-0.25,1.83,1.79,2.11,2.05
F2,11/12/15,Evian Thonon Gaillard,Brest,,,,,,,2.25,3,3.5,2.3,3,3.2,2.3,2.8,3.1,2.25,3,3.6,2.27,3.12,3.77,2.2,2.88,3.5,2.3,2.9,3.8,49,2.36,2.23,3.12,2.97,3.8,3.44,37,2.75,2.62,1.5,1.45,26,-0.25,1.97,1.91,1.99,1.91
F2,11/12/15,Nimes,Le Havre,,,,,,,2.5,3,3,2.6,2.9,2.85,2.6,2.8,2.8,2.5,3.1,2.9,2.56,3.2,3.1,2.45,3,2.88,2.55,3.1,3.1,49,2.96,2.5,3.2,3.04,3.1,2.88,42,2.4,2.28,1.67,1.6,25,0,1.98,1.77,2.16,2.06
F2,11/12/15,Niort,Tours,,,,,,,2.38,3,3.2,2.5,2.9,3,2.5,2.8,2.9,2.4,2.9,3.25,2.53,3.07,3.29,2.45,2.9,3,2.5,3,3.25,49,2.55,2.42,3.1,2.96,3.29,3.07,37,2.45,2.38,1.59,1.54,26,-0.25,2.13,2.06,1.82,1.78
F2,11/12/15,Paris FC,Lens,,,,,,,3.6,3,2.2,3.1,2.85,2.45,3.1,2.8,2.3,3.3,2.9,2.3,3.8,3.05,2.31,3,2.8,2.5,3.6,2.9,2.4,49,3.8,3.37,3.06,2.92,2.5,2.29,37,2.76,2.64,1.5,1.45,26,0.25,1.99,1.9,2.02,1.92
F2,12/12/15,Metz,Dijon,,,,,,,2.7,3,2.75,2.65,3,2.7,2.6,2.8,2.8,2.62,3,2.8,2.78,3.17,2.87,2.6,3,2.7,2.75,3,2.88,48,2.78,2.63,3.17,3.03,2.88,2.73,36,2.35,2.27,1.64,1.59,25,0,1.93,1.88,1.99,1.93
F2,14/12/15,Nancy,Valenciennes,,,,,,,1.44,4.2,7.5,1.45,3.9,7.25,1.5,3.5,6.3,1.5,4,7,1.49,4.3,8.25,1.44,4,6.5,1.45,4.3,8.5,48,1.5,1.46,4.3,4.03,8.5,7.01,42,2.02,1.93,1.92,1.83,27,-1,1.86,1.8,2.1,2.02
G1,12/12/15,Iraklis,Panthrakikos,,,,,,,1.8,3.5,4.5,1.83,3.3,4.33,1.8,3.15,4.25,1.85,3.3,4.5,1.86,3.54,4.85,1.75,3.25,4.75,1.85,3.4,4.5,46,1.89,1.81,3.54,3.29,4.85,4.45,36,2.41,2.28,1.62,1.57,23,-0.75,2.21,2.11,1.78,1.72
G1,12/12/15,Panionios,AEK,,,,,,,3.4,3.4,2.1,3.5,3.25,2.05,3.35,3.05,2.05,3.5,3.1,2.15,3.58,3.28,2.27,3.6,3.1,2.05,3.5,3.2,2.15,45,3.7,3.44,3.4,3.15,2.27,2.11,35,2.41,2.28,1.61,1.57,24,0.25,2.06,1.98,1.92,1.83
G1,12/12/15,Platanias,Giannina,,,,,,,2.1,3.25,3.5,2.05,3.1,3.75,2,3,3.55,2.05,3.2,3.8,2.08,3.37,4.04,2.15,3,3.4,2.05,3.25,3.8,46,2.15,2.06,3.37,3.13,4.04,3.61,35,2.5,2.39,1.6,1.53,21,-0.5,2.16,2.06,1.85,1.76
G1,13/12/15,Atromitos,Kallonis,,,,,,,1.4,4.33,8.5,1.4,4.33,7.5,1.4,3.85,7.75,1.4,4.2,8.5,1.43,4.52,9.51,1.4,4,8,1.4,4.3,9,45,1.43,1.4,4.52,4.09,10,8.25,35,2.27,2.18,1.68,1.62,22,-1.25,2.12,2.01,1.86,1.79
G1,13/12/15,Olympiakos,Panetolikos,,,,,,,1.18,7,13,1.19,7,10.5,1.16,6,12,1.18,7,13,1.19,8.29,16.44,1.2,6,11,1.17,7.5,15,45,1.2,1.17,8.29,6.85,16.44,13.16,36,1.5,1.48,2.7,2.53,24,-1.75,1.77,1.71,2.24,2.13
G1,13/12/15,Panathinaikos,Asteras Tripolis,,,,,,,1.67,3.6,5.25,1.72,3.5,4.6,1.65,3.3,5,1.7,3.5,5.25,1.74,3.63,5.79,1.73,3.3,4.8,1.67,3.5,5.75,45,1.74,1.67,3.63,3.44,5.79,5.21,35,2.41,2.29,1.61,1.57,24,-0.75,1.99,1.9,1.97,1.9
G1,13/12/15,Xanthi,Veria,,,,,,,1.95,3.3,4,1.85,3.2,4.5,1.9,3,3.9,1.95,3.1,4.2,1.99,3.32,4.52,2.05,3,3.75,1.95,3.2,4.3,43,2.05,1.94,3.32,3.14,4.52,4.01,34,2.68,2.5,1.51,1.49,22,-0.5,2.04,1.95,1.92,1.86
G1,14/12/15,Levadeiakos,PAOK,,,,,,,5.25,3.75,1.65,4.5,3.6,1.72,4.8,3.35,1.65,5.25,3.5,1.7,5.75,3.75,1.71,4.8,3.4,1.7,5.2,3.6,1.7,45,5.75,4.97,3.75,3.49,1.74,1.68,35,2.27,2.18,1.68,1.63,24,0.75,1.97,1.88,2,1.92
I1,12/12/15,Genoa,Bologna,,,,,,,1.91,3.4,4.33,2,3.2,4.2,2,3.2,3.75,1.85,3.25,4.5,1.96,3.4,4.64,1.95,3.2,4.33,1.93,3.25,4.75,48,2,1.93,3.4,3.29,4.75,4.32,43,2.4,2.28,1.66,1.61,27,-0.5,1.98,1.93,1.99,1.93
I1,12/12/15,Palermo,Frosinone,,,,,,,1.7,3.8,5,1.75,3.6,5,1.75,3.5,4.5,1.73,3.6,4.75,1.76,3.84,5.25,1.8,3.3,5,1.73,3.6,5.5,49,1.83,1.74,3.84,3.63,5.5,4.96,45,2.04,1.95,1.93,1.84,28,-1,2.47,2.37,1.66,1.62
I1,12/12/15,Sassuolo,Torino,,,,,,,2.7,3.2,2.7,2.75,3.1,2.75,2.7,3.1,2.6,2.75,3.1,2.62,2.87,3.25,2.76,2.7,3.1,2.7,2.88,3,2.8,49,2.9,2.74,3.25,3.15,2.8,2.69,44,2.34,2.22,1.69,1.64,26,0,2,1.93,1.95,1.91
I1,12/12/15,Udinese,Inter,,,,,,,4,3.3,2,3.9,3.25,2.05,3.6,3.3,2,4,3.3,1.95,4.25,3.48,2.01,4,3.25,2,4.5,3.25,1.95,49,4.5,4,3.6,3.33,2.1,1.99,45,2.28,2.18,1.72,1.66,28,0.5,1.93,1.89,2.01,1.97
I1,13/12/15,Chievo,Atalanta,,,,,,,2.4,3.1,3.2,2.5,3.1,3.1,2.5,3.1,2.8,2.4,3,3.1,2.55,3.15,3.23,2.5,3,3.1,2.5,3,3.3,48,2.56,2.48,3.2,3.05,3.3,3.08,42,2.51,2.39,1.6,1.56,26,-0.25,2.14,2.09,1.84,1.78
I1,13/12/15,Empoli,Carpi,,,,,,,1.67,3.75,5.5,1.7,3.6,5.5,1.7,3.6,4.7,1.67,3.6,5.5,1.72,3.76,5.79,1.73,3.3,5.5,1.67,3.6,6.25,49,1.75,1.68,3.76,3.6,6.25,5.48,44,2.33,2.19,1.71,1.66,28,-1,2.36,2.27,1.7,1.67
I1,13/12/15,Juventus,Fiorentina,,,,,,,1.67,3.75,5.5,1.67,3.5,6,1.65,3.6,5.1,1.62,3.5,6,1.67,3.74,6.55,1.67,3.4,6,1.62,3.75,6.5,49,1.7,1.64,3.8,3.62,6.71,5.97,45,2.16,2.08,1.8,1.73,28,-1,2.23,2.15,1.8,1.74
I1,13/12/15,Milan,Verona,,,,,,,1.36,4.75,9,1.36,5,8.75,1.35,4.8,7.6,1.35,4.75,10,1.35,5.23,11.49,1.36,4.5,10,1.33,5,11.5,48,1.4,1.34,5.23,4.84,11.5,9.71,44,1.88,1.78,2.09,2.01,29,-1.5,2.14,2.08,1.84,1.79
I1,13/12/15,Napoli,Roma,,,,,,,1.57,4.33,5.5,1.65,3.75,6,1.6,3.7,5.4,1.6,3.8,5.75,1.65,4.04,6.09,1.62,3.8,5.5,1.57,4.1,6.25,49,1.67,1.6,4.33,3.94,6.25,5.7,45,1.73,1.67,2.3,2.18,30,-1,2.07,2.01,1.89,1.85
I1,14/12/15,Lazio,Sampdoria,,,,,,,1.45,4.2,8,1.5,4.1,7,1.5,4,6.1,1.5,4,7,1.53,4.33,7.45,1.5,4,7,1.5,4.2,7.5,47,1.53,1.49,4.33,4.13,8,7.06,43,1.9,1.84,2.04,1.94,28,-1,1.89,1.83,2.08,2.03
I2,12/12/15,Avellino,Virtus Lanciano,,,,,,,1.8,3.3,4.75,1.87,3.25,4.25,1.75,3.1,4.5,1.8,3.25,4.75,1.86,3.29,5.44,1.91,3.1,4.2,1.85,3.3,5,47,1.91,1.82,3.35,3.22,5.44,4.63,43,2.2,2.1,1.79,1.7,26,-0.5,1.87,1.83,2.08,2
I2,12/12/15,Livorno,Cagliari,,,,,,,3.5,3,2.25,3,3.1,2.35,3.3,2.8,2.2,3.1,3.1,2.38,3.41,3.11,2.44,3,3.1,2.38,3.4,3.1,2.38,47,3.52,3.17,3.15,3.03,2.44,2.32,40,2.21,2.12,1.75,1.68,25,0.25,1.89,1.83,2.07,1.99
I2,12/12/15,Pescara,Virtus Entella,,,,,,,1.91,3.25,4.33,1.95,3.25,3.8,1.85,3,4.2,1.95,3.1,4.33,1.93,3.33,4.84,2,3.1,3.8,1.91,3.25,4.75,47,2,1.9,3.35,3.2,4.84,4.22,37,2.25,2.16,1.7,1.64,26,-0.5,1.94,1.89,1.99,1.92
I2,12/12/15,Pro Vercelli,Cesena,,,,,,,3,2.88,2.63,2.85,2.95,2.55,2.9,2.8,2.5,2.9,2.8,2.7,3.11,2.92,2.77,2.88,2.9,2.6,3.1,2.9,2.7,47,3.11,2.91,3.01,2.88,2.77,2.59,33,2.63,2.43,1.55,1.51,24,0.25,1.73,1.68,2.3,2.2
I2,12/12/15,Salernitana,Ascoli,,,,,,,1.83,3.4,4.5,1.87,3.1,4.5,1.8,3,4.4,1.85,3.2,4.75,1.93,3.28,4.9,2,3.2,3.75,1.91,3.25,4.8,47,2,1.89,3.4,3.19,4.9,4.33,36,2.35,2.24,1.66,1.6,26,-0.5,1.96,1.89,1.99,1.93
I2,12/12/15,Spezia,Latina,,,,,,,1.91,3.2,4.33,1.95,3.2,4,1.9,3,4,1.91,3.1,4.5,1.96,3.22,4.85,2,3.2,3.8,1.93,3.2,4.75,47,2,1.92,3.28,3.15,4.85,4.25,28,2.43,2.29,1.6,1.57,26,-0.5,1.97,1.92,1.97,1.9
I2,12/12/15,Ternana,Como,,,,,,,1.95,3.25,4.2,2,3.1,3.9,1.9,3,4,2,3,4.2,2.07,3.16,4.45,2.1,3.1,3.6,2.05,3.13,4.3,46,2.1,2.01,3.25,3.09,4.45,3.9,28,2.38,2.27,1.63,1.58,26,-0.5,2.07,2.01,1.88,1.82
I2,12/12/15,Vicenza,Brescia,,,,,,,2.1,3.2,3.6,2.1,3.1,3.5,2.1,2.9,3.4,2.15,3,3.75,2.19,3.19,3.91,2.2,3.1,3.3,2.15,3.2,3.8,47,2.2,2.13,3.25,3.09,3.91,3.53,36,2.25,2.13,1.75,1.68,25,-0.25,1.87,1.83,2.07,2
I2,13/12/15,Bari,Perugia,,,,,,,2.1,3,3.9,2,3.1,3.9,2,2.9,3.7,2.1,2.9,3.8,2.23,3.09,3.95,2.1,3.1,3.6,2.2,3,3.9,46,2.23,2.13,3.1,2.98,3.95,3.64,29,2.61,2.47,1.53,1.5,24,-0.25,1.91,1.85,2.05,1.97
I2,13/12/15,Crotone,Modena,,,,,,,1.8,3.3,4.75,1.87,3.25,4.2,1.75,3.1,4.5,1.85,3.1,4.75,1.9,3.23,5.28,1.83,3.25,4.4,1.87,3.3,5,46,1.91,1.84,3.3,3.19,5.28,4.53,29,2.43,2.25,1.65,1.6,25,-0.5,1.9,1.86,2.03,1.96
I2,14/12/15,Novara,Trapani,,,,,,,1.8,3.4,4.75,1.75,3.25,5,1.75,3.1,4.5,1.8,3.3,4.75,1.82,3.48,5.3,1.85,3.3,4.2,1.83,3.4,5,46,1.85,1.79,3.5,3.33,5.35,4.64,34,2.14,2.06,1.79,1.73,25,-0.5,1.85,1.8,2.12,2.02
N1,11/12/15,Heerenveen,Excelsior,,,,,,,1.65,3.75,5.25,1.7,3.5,4.75,1.65,3.5,4.6,1.7,4,4.5,1.71,4.23,4.89,1.7,3.8,4.2,1.7,4.1,4.6,47,1.74,1.69,4.23,3.92,5.25,4.58,35,1.61,1.57,2.45,2.31,26,-1,2.25,2.19,1.74,1.67
N1,12/12/15,Cambuur,Nijmegen,,,,,,,3.1,3.25,2.3,3,3.3,2.25,2.8,3.2,2.3,2.9,3.4,2.3,3.12,3.56,2.36,2.7,3.3,2.4,3,3.5,2.38,47,3.12,2.91,3.56,3.39,2.4,2.33,42,1.9,1.8,2.08,1.98,25,0.25,1.87,1.81,2.09,2.01
N1,12/12/15,Den Haag,Willem II,,,,,,,1.95,3.6,3.6,2,3.3,3.6,2.1,3.3,3.1,2,3.4,3.6,2.06,3.6,3.82,2.15,3.3,3.1,2.05,3.5,3.6,47,2.15,2.05,3.65,3.46,3.82,3.44,42,1.96,1.87,2,1.91,26,-0.5,2.13,2.04,1.86,1.79
N1,12/12/15,PSV Eindhoven,Roda,,,,,,,1.1,9,21,1.12,7.75,17,1.1,7.5,16,1.12,10,21,1.13,10.9,21.5,1.1,9.5,21,1.1,10.5,23,46,1.13,1.11,10.9,9.21,26,20.35,37,1.29,1.26,4,3.66,28,-2.5,1.92,1.85,2.05,1.97
N1,12/12/15,Twente,Graafschap,,,,,,,1.7,4,4.33,1.7,3.9,4.2,1.65,3.5,4.6,1.75,3.8,4,1.83,4.06,4.28,1.7,3.8,4.2,1.8,4,4.2,47,1.83,1.75,4.07,3.88,4.7,4.19,34,1.56,1.52,1.65,1.58,26,-0.75,2.06,1.98,2.63,2.43
N1,13/12/15,Groningen,Feyenoord,,,,,,,4.75,3.8,1.7,4.5,3.9,1.65,5,3.6,1.6,4.5,3.8,1.73,4.78,3.99,1.77,4.6,3.75,1.65,4.5,3.9,1.75,47,5,4.5,3.99,3.77,1.78,1.72,39,1.76,1.69,2.25,2.12,26,0.5,2.2,2.1,1.79,1.75
N1,13/12/15,Heracles,Vitesse,,,,,,,2.8,3.5,2.38,2.95,3.3,2.3,2.7,3.2,2.4,2.9,3.6,2.3,3.01,3.77,2.34,2.6,3.5,2.38,2.88,3.7,2.3,47,3.01,2.85,3.77,3.53,2.4,2.31,35,1.61,1.57,2.45,2.31,25,0,2.24,2.11,1.77,1.73
N1,13/12/15,Utrecht,Ajax,,,,,,,4.2,3.75,1.8,4.2,3.75,1.75,4.3,3.4,1.75,4,3.75,1.83,4.4,3.88,1.85,3.8,3.6,1.83,4.1,3.8,1.85,47,4.4,4.06,3.9,3.7,1.88,1.82,36,1.68,1.63,2.3,2.21,26,0.5,2.08,2.01,1.89,1.83
N1,13/12/15,Zwolle,AZ Alkmaar,,,,,,,2.2,3.5,3.1,2.2,3.4,3,2.3,3.2,2.8,2.3,3.6,2.8,2.38,3.86,2.89,2.3,3.5,2.7,2.25,3.8,2.9,47,2.38,2.28,3.86,3.57,3.1,2.86,35,1.6,1.55,2.57,2.37,25,-0.25,2.06,1.99,1.9,1.83
P1,11/12/15,Boavista,Estoril,,,,,,,2.6,2.9,3,2.5,3,3,2.5,3,2.8,2.5,2.9,3,2.61,3.09,3.13,2.5,2.8,3,2.6,3,3.13,48,2.61,2.52,3.09,2.98,3.2,2.98,36,2.83,2.67,1.48,1.44,26,-0.25,2.2,2.13,1.78,1.73
P1,12/12/15,Guimaraes,Maritimo,,,,,,,2.4,3,3.2,2.4,3.1,2.95,2.3,3.1,2.9,2.3,3.1,3.1,2.34,3.27,3.42,2.3,3,3.1,2.3,3.25,3.3,48,2.41,2.3,3.27,3.11,3.42,3.18,36,2.36,2.26,1.66,1.6,25,-0.25,2.02,1.96,1.93,1.87
P1,12/12/15,Pacos Ferreira,Uniao Madeira,,,,,,,1.8,3.2,5,1.78,3.3,4.75,1.8,3.3,4.2,1.8,3.3,4.75,1.82,3.49,5.26,1.83,3.1,4.5,1.8,3.4,5.2,47,1.83,1.79,3.49,3.32,5.26,4.72,36,2.5,2.38,1.58,1.54,26,-0.5,1.83,1.79,2.14,2.06
P1,12/12/15,Rio Ave,Arouca,,,,,,,2,3.1,4.2,1.9,3.2,4.2,2,3.1,3.5,1.95,3.2,4.2,2.01,3.35,4.38,2,3.1,3.8,2,3.3,4.2,49,2.01,1.96,3.35,3.2,4.44,4.04,37,2.5,2.36,1.6,1.55,27,-0.5,2.02,1.96,1.92,1.87
P1,12/12/15,Setubal,Benfica,,,,,,,7,4.33,1.44,6.75,4.1,1.45,6.5,3.9,1.45,7,4,1.48,7.72,4.32,1.51,8,4,1.4,7.5,4.2,1.5,47,8.2,7.07,4.33,4.13,1.51,1.46,41,2.03,1.95,1.91,1.83,26,1.25,1.76,1.72,2.25,2.15
P1,13/12/15,Nacional,Porto,,,,,,,7.5,4.5,1.4,7,4.1,1.44,7,4.1,1.4,7.5,4.33,1.44,7.96,4.5,1.48,8.5,4.5,1.33,8,4.5,1.44,49,9,7.57,4.55,4.34,1.48,1.42,44,2,1.91,1.95,1.86,26,1,2.18,2.11,1.81,1.74
P1,13/12/15,Sp Lisbon,Moreirense,,,,,,,1.17,7,15,1.16,6.5,15.5,1.17,5.8,13,1.18,7,19,1.18,7.75,20.95,1.17,6,15,1.17,7.5,20,48,1.2,1.16,7.75,6.9,21,16.94,35,1.62,1.58,2.39,2.29,28,-2,1.99,1.93,1.97,1.9
P1,13/12/15,Tondela,Sp Braga,,,,,,,7,3.75,1.53,6.25,3.7,1.55,5.4,3.7,1.55,6.5,3.8,1.53,7.41,4.09,1.55,6,3.6,1.55,7.5,4,1.53,49,7.5,6.64,4.09,3.81,1.57,1.53,41,2.31,2.16,1.72,1.66,28,1,1.94,1.88,2,1.94
P1,14/12/15,Academica,Belenenses,,,,,,,2.5,3,3,2.5,3,2.85,2.5,3,2.8,2.4,3,3.1,2.53,3.09,3.26,2.6,2.8,2.88,2.5,3.1,3.2,47,2.63,2.47,3.1,2.96,3.26,3.03,35,2.81,2.65,1.5,1.45,24,0,1.82,1.71,2.23,2.11
SC0,12/12/15,Aberdeen,Hearts,,,,,,,1.91,3.6,3.75,1.85,3.4,3.8,1.9,3.3,3.7,1.95,3.6,3.6,2.01,3.77,3.79,1.95,3.6,3.75,1.95,3.6,3.9,48,2.01,1.94,3.77,3.49,3.9,3.72,42,2.06,1.99,1.86,1.79,26,-0.5,2,1.94,1.93,1.87
SC0,12/12/15,Dundee United,Partick,,,,,,,2.4,3.6,2.7,2.35,3.25,2.75,2.4,3.2,2.7,2.5,3.3,2.75,2.53,3.55,2.88,2.5,3.3,2.8,2.5,3.6,2.75,48,2.55,2.45,3.6,3.35,2.88,2.74,42,2.02,1.92,1.96,1.85,25,0,1.88,1.81,2.1,2
SC0,12/12/15,Hamilton,Ross County,,,,,,,2.38,3.4,2.88,2.35,3.4,2.6,2.5,3.2,2.6,2.5,3.3,2.8,2.55,3.47,2.9,2.5,3.3,2.8,2.45,3.5,2.88,48,2.55,2.43,3.6,3.31,2.9,2.8,42,2.08,1.99,1.87,1.78,25,0,1.83,1.78,2.12,2.03
SC0,12/12/15,Inverness C,Kilmarnock,,,,,,,1.8,3.75,4.2,1.75,3.6,4,1.8,3.4,4,1.75,3.75,4.33,1.81,3.92,4.58,1.75,3.8,4.33,1.8,3.8,4.6,48,1.85,1.78,3.92,3.63,4.6,4.29,42,2.03,1.95,1.91,1.82,26,-0.75,2.06,2,1.88,1.82
SC0,12/12/15,Motherwell,Dundee,,,,,,,2.4,3.5,2.75,2.3,3.4,2.7,2.4,3.2,2.7,2.5,3.3,2.75,2.63,3.5,2.78,2.5,3.3,2.8,2.5,3.4,2.88,48,2.63,2.47,3.5,3.3,2.88,2.73,42,2.17,2.05,1.83,1.73,25,0,1.86,1.81,2.08,2
SC0,13/12/15,St Johnstone,Celtic,,,,,,,9.5,4.75,1.33,8.5,4.4,1.33,7.3,4.5,1.35,9.5,4.75,1.35,11.11,5.21,1.34,10,4.5,1.36,9,5.2,1.36,47,11.11,9.22,5.21,4.72,1.38,1.34,39,1.76,1.69,2.23,2.09,27,1.5,1.88,1.79,2.13,2.04
SC1,11/12/15,Queen of Sth,Raith Rvs,,,,,,,2.05,3.6,3.3,2.15,3.3,2.9,2.1,3.1,3.2,2.1,3.4,3.4,2.14,3.57,3.54,2.1,3.5,3.3,2.15,3.5,3.3,47,2.15,2.09,3.6,3.4,3.54,3.23,42,1.91,1.83,2,1.92,27,-0.25,1.87,1.82,2.07,1.98
SC1,12/12/15,Dumbarton,St Mirren,,,,,,,2.5,3.6,2.6,2.35,3.3,2.6,2.3,3.1,2.8,2.5,3.4,2.7,2.63,3.48,2.76,2.4,3.5,2.8,2.55,3.5,2.7,46,2.63,2.44,3.6,3.37,2.8,2.64,42,1.91,1.82,2.04,1.94,26,0,1.9,1.83,2.02,1.95
SC1,12/12/15,Hibernian,Falkirk,,,,,,,1.44,4.5,6.5,1.42,4.1,6,1.55,3.7,5,1.44,4.33,7,1.45,4.65,8.08,1.44,4.33,7.5,1.44,4.5,7.5,46,1.55,1.43,4.65,4.26,8.08,6.7,36,1.84,1.72,2.1,2.03,25,-1,1.85,1.72,2.19,2.1
SC1,12/12/15,Livingston,Alloa,,,,,,,1.5,4.5,5.5,1.57,3.7,5,1.65,3.5,4.5,1.53,4,6,1.52,4.4,6.97,1.62,4.2,5,1.53,4.2,6.25,46,1.65,1.51,4.5,4.03,6.97,5.84,43,1.9,1.81,2.04,1.93,27,-1,2,1.88,1.99,1.91
SC1,12/12/15,Rangers,Morton,,,,,,,1.13,8,19,1.14,6.5,12.5,1.15,6,13,1.17,8,17,1.14,9.15,21.25,1.17,7.5,15,1.14,8,20,46,1.17,1.13,9.15,7.38,22,17.14,41,1.41,1.38,3.13,2.86,28,-2.25,1.96,1.88,1.99,1.91
SC2,12/12/15,Ayr,Dunfermline,,,,,,,3.8,3.75,1.85,3.1,3.6,1.95,3.45,3.6,1.85,3.6,3.75,1.91,3.92,3.81,1.95,3.6,3.75,1.95,3.8,3.75,1.93,44,3.92,3.51,3.81,3.56,1.99,1.9,35,1.71,1.61,2.42,2.21,23,0.5,1.95,1.89,1.98,1.91
SC2,12/12/15,Brechin,Peterhead,,,,,,,3.6,3.8,1.91,2.95,3.7,2,3.35,3.5,1.9,3.6,3.6,1.95,3.81,3.81,1.98,3.4,3.75,2,3.6,3.8,1.95,43,3.81,3.43,3.81,3.56,2.02,1.93,34,1.68,1.62,2.31,2.18,20,0.25,2.22,2.13,1.76,1.71
SC2,12/12/15,Forfar,Cowdenbeath,,,,,,,1.83,3.8,4,1.9,3.6,3.3,1.75,3.75,3.65,1.83,3.8,3.8,1.87,4.02,4.05,1.85,4,3.75,1.87,3.8,4,44,1.9,1.82,4.02,3.73,4.05,3.66,34,1.5,1.48,2.63,2.48,23,-0.5,1.87,1.82,2.05,1.99
SC2,12/12/15,Stenhousemuir,Albion Rvs,,,,,,,2.15,3.75,3,2.2,3.6,2.65,2.2,3.45,2.75,2.3,3.6,2.8,2.39,3.62,2.98,2.3,3.6,2.88,2.3,3.75,2.88,44,2.39,2.24,3.75,3.45,3,2.79,33,1.71,1.58,2.42,2.24,23,-0.25,2.07,2,1.86,1.81
SC2,12/12/15,Stranraer,Airdrie Utd,,,,,,,2.2,3.75,2.88,2.15,3.5,2.75,2.2,3.4,2.8,2.25,3.5,2.9,2.35,3.54,3.1,2.3,3.6,2.88,2.25,3.5,2.9,44,2.39,2.21,3.75,3.41,3.1,2.87,34,1.83,1.72,2.22,2.02,18,0,1.73,1.67,2.26,2.17
SC3,12/12/15,Annan Athletic,East Stirling,,,,,,,1.4,4.5,7.5,1.4,4.33,6,1.4,4.4,5.75,1.44,4.75,6,1.45,4.98,7.12,1.44,4.75,6.5,1.44,4.75,7,42,1.45,1.4,4.98,4.52,7.5,6.35,32,1.5,1.45,2.75,2.57,20,-1.25,2,1.89,1.96,1.9
SC3,12/12/15,Berwick,Elgin,,,,,,,2.3,3.6,2.75,2.4,3.4,2.5,2.3,3.4,2.6,2.38,3.5,2.8,2.47,3.62,2.86,2.3,3.6,2.88,2.38,3.7,2.8,42,2.5,2.3,3.75,3.45,2.88,2.7,25,1.72,1.65,2.25,2.12,16,0,1.8,1.75,2.11,2.05
SC3,12/12/15,Clyde,East Fife,,,,,,,1.95,3.8,3.5,1.95,3.8,3,1.95,3.5,3.2,2.05,3.6,3.4,2.07,3.67,3.65,2.05,3.6,3.4,2.05,3.7,3.4,42,2.08,1.98,3.8,3.51,3.65,3.27,27,1.78,1.69,2.15,2.05,16,-0.25,1.82,1.76,2.12,2.04
SC3,12/12/15,Montrose,Stirling,,,,,,,2.38,4,2.55,2.2,3.5,2.7,2.4,3.45,2.5,2.4,3.6,2.62,2.59,3.65,2.7,2.4,3.6,2.7,2.5,3.75,2.6,42,2.59,2.4,4,3.47,2.7,2.56,26,1.64,1.56,2.4,2.29,19,0,1.92,1.86,1.99,1.92
SC3,12/12/15,Queens Park,Arbroath,,,,,,,1.67,3.8,5,1.75,3.8,3.6,1.65,3.75,4.2,1.75,3.8,4.33,1.76,4.01,4.68,1.75,4,4.2,1.67,4,5,42,1.8,1.7,4.01,3.74,5,4.16,26,1.69,1.61,2.3,2.19,14,-0.5,1.8,1.74,2.16,2.05
SP1,11/12/15,Getafe,Sociedad,,,,,,,2.88,3.2,2.6,2.8,3.1,2.7,2.6,3.2,2.6,2.75,3.1,2.62,2.81,3.28,2.78,2.6,3.1,2.8,2.8,3.25,2.8,49,2.88,2.73,3.28,3.15,2.88,2.72,44,2.38,2.28,1.68,1.62,28,-0.25,2.4,2.32,1.68,1.64
SP1,12/12/15,Barcelona,La Coruna,,,,,,,1.07,13,26,1.08,12,26,1.1,8,20,1.07,13,34,1.08,15.5,33,1.08,11,26,1.06,15,29,49,1.1,1.07,16,12.18,34,26.87,38,1.25,1.24,4.33,3.93,29,-3,2.12,2.05,1.89,1.82
SP1,12/12/15,Celta,Espanol,,,,,,,1.53,4.33,6,1.55,4,5.75,1.55,3.9,5.6,1.53,4.2,6,1.53,4.55,6.72,1.5,4.33,6,1.53,4.5,6.5,48,1.57,1.52,4.55,4.29,6.72,6.13,44,1.76,1.71,2.23,2.12,29,-1,1.93,1.88,2.04,1.98
SP1,12/12/15,Las Palmas,Betis,,,,,,,2.15,3.3,3.5,2.15,3.3,3.3,2.1,3.3,3.3,2.05,3.4,3.5,2.12,3.59,3.7,2.15,3.25,3.5,2.1,3.5,3.75,48,2.16,2.1,3.59,3.37,3.8,3.55,44,2.11,2.05,1.84,1.75,27,-0.5,2.15,2.09,1.83,1.79
SP1,12/12/15,Levante,Granada,,,,,,,2.1,3.1,4,2.1,3.1,3.7,2.1,3.3,3.3,2.05,3.1,3.8,2.13,3.3,4.04,2.05,3.1,4,2.1,3.3,4.1,48,2.13,2.07,3.34,3.17,4.33,3.89,38,2.56,2.42,1.6,1.53,27,-0.5,2.12,2.07,1.84,1.81
SP1,12/12/15,Sevilla,Sp Gijon,,,,,,,1.36,5,8.5,1.36,5,8.75,1.37,4.6,7.5,1.33,5,9.5,1.35,5.61,9.87,1.36,5,8,1.36,5.5,9.5,44,1.37,1.34,5.61,5.16,10.04,8.87,35,1.55,1.5,2.74,2.54,27,-1.5,2.02,1.96,1.95,1.9
SP1,13/12/15,Ath Madrid,Ath Bilbao,,,,,,,1.57,3.75,7,1.62,3.7,6.25,1.65,3.6,5.1,1.57,3.75,6.5,1.6,4.01,6.85,1.62,3.6,6,1.57,4,7,48,1.65,1.58,4.01,3.76,7,6.39,44,2.31,2.22,1.71,1.64,28,-1,2.13,2.05,1.88,1.82
SP1,13/12/15,Eibar,Valencia,,,,,,,2.45,3.2,3,2.55,3.1,3,2.6,3.2,2.6,2.5,3.2,2.88,2.57,3.34,3.01,2.62,3.1,2.8,2.55,3.4,3,48,2.62,2.52,3.4,3.21,3.1,2.88,43,2.25,2.17,1.72,1.67,26,0.25,1.63,1.59,2.55,2.42
SP1,13/12/15,Vallecano,Malaga,,,,,,,2.3,3.25,3.25,2.3,3.25,3.1,2.3,3.3,2.9,2.3,3.3,3.1,2.35,3.45,3.28,2.3,3.2,3.2,2.3,3.4,3.3,48,2.4,2.29,3.45,3.3,3.3,3.16,44,2.19,2.07,1.81,1.73,26,-0.25,2.02,1.97,1.94,1.89
SP1,13/12/15,Villarreal,Real Madrid,,,,,,,5,4.2,1.65,4.4,4.25,1.7,4.3,3.9,1.7,4.5,4,1.67,5,4.29,1.7,5,3.8,1.67,4.8,4.33,1.7,48,5,4.77,4.33,4.07,1.71,1.67,38,1.54,1.5,2.71,2.54,28,1,1.79,1.75,2.21,2.13
SP2,12/12/15,Alaves,Alcorcon,,,,,,,2.2,3.1,3.5,2.15,3.1,3.2,2.2,3.2,3,2.2,3,3.5,2.3,3.19,3.61,2.2,3,3.3,2.3,3.13,3.5,49,2.3,2.19,3.2,3.06,3.61,3.35,37,2.56,2.41,1.55,1.52,25,-0.25,1.97,1.9,1.97,1.91
SP2,12/12/15,Cordoba,Llagostera,,,,,,,1.67,3.6,5.5,1.67,3.5,4.6,1.65,3.5,4.6,1.65,3.5,5.75,1.67,3.79,6.18,1.7,3.4,4.8,1.65,3.75,6,49,1.7,1.64,3.79,3.57,6.25,5.35,43,2.2,2.1,1.77,1.69,25,-0.75,1.91,1.84,2.04,1.97
SP2,12/12/15,Girona,Elche,,,,,,,1.73,3.5,5,1.7,3.3,4.75,1.75,3.4,4.3,1.7,3.4,5.5,1.73,3.61,5.84,1.73,3.3,4.8,1.73,3.6,5.5,49,1.75,1.7,3.61,3.42,5.84,5.06,38,2.43,2.26,1.65,1.6,26,-0.5,1.75,1.7,2.25,2.16
SP2,12/12/15,Lugo,Ponferradina,,,,,,,2.25,3.1,3.4,2.2,3.1,3.1,2.3,3.2,2.8,2.3,3,3.3,2.42,3.18,3.36,2.25,3,3.2,2.3,3.2,3.4,49,2.42,2.28,3.2,3.06,3.5,3.18,37,2.6,2.36,1.6,1.54,25,-0.25,2.05,1.96,1.92,1.85
SP2,12/12/15,Tenerife,Mallorca,,,,,,,1.91,3.3,4.2,1.9,3.1,4,1.9,3.3,3.7,1.95,3.1,4.2,2.03,3.27,4.41,2,2.9,4,2,3.25,4.33,49,2.06,1.95,3.3,3.15,4.41,3.99,37,2.55,2.43,1.57,1.51,26,-0.5,2.06,1.97,1.9,1.84
SP2,13/12/15,Albacete,Valladolid,,,,,,,2.2,3.2,3.4,2.25,3.1,3,2.2,3.2,3,2.15,3.2,3.5,2.25,3.31,3.59,2.15,3.2,3.2,2.2,3.3,3.5,48,2.26,2.17,3.31,3.16,3.59,3.29,43,2.19,2.07,1.81,1.71,25,-0.25,1.95,1.87,2.01,1.93
SP2,13/12/15,Almeria,Huesca,,,,,,,2.38,3.2,3,2.3,3.1,2.95,2.2,3.2,3,2.4,3.1,3.1,2.43,3.27,3.26,2.3,3,3.1,2.45,3.13,3.2,48,2.45,2.33,3.27,3.11,3.26,3.04,37,2.38,2.29,1.63,1.57,25,-0.25,2.11,2.03,1.85,1.79
SP2,13/12/15,Leganes,Gimnastic,,,,,,,1.83,3.5,4.33,1.85,3.1,4.2,1.9,3.3,3.7,1.83,3.25,4.75,1.83,3.43,5.29,1.85,3.2,4.2,1.83,3.4,5,48,1.9,1.81,3.5,3.26,5.29,4.51,37,2.48,2.3,1.61,1.56,26,-0.5,1.87,1.81,2.09,2
SP2,13/12/15,Mirandes,Oviedo ,,,,,,,2.2,3.2,3.4,2.15,3.2,3.1,2.2,3.2,3,2.15,3.25,3.5,2.19,3.35,3.7,,,,2.2,3.3,3.5,48,2.2,2.13,3.35,3.17,3.75,3.39,42,2.19,2.1,1.85,1.69,25,-0.25,1.9,1.84,2.05,1.97
SP2,13/12/15,Osasuna,Ath Bilbao B,,,,,,,1.73,3.5,5,1.8,3.2,4.4,1.8,3.4,4,1.75,3.25,5.25,1.8,3.43,5.61,1.75,3.2,4.8,1.8,3.3,5.5,48,1.8,1.75,3.5,3.28,5.61,4.93,36,2.7,2.57,1.5,1.46,26,-0.5,1.82,1.76,2.13,2.06
SP2,13/12/15,Zaragoza,Numancia,,,,,,,1.8,3.4,4.75,1.8,3.25,4.25,1.8,3.4,4,1.83,3.3,4.5,1.88,3.45,4.93,1.8,3.1,4.75,1.83,3.4,5,48,1.88,1.8,3.45,3.31,5.15,4.51,37,2.38,2.26,1.65,1.59,26,-0.5,1.88,1.81,2.08,2.01
T1,11/12/15,Bursaspor,Osmanlispor,,,,,,,2.05,3.4,3.25,2.15,3.2,3.3,2.2,3.2,3,2.25,3.3,3.1,2.23,3.48,3.45,2.15,3.3,3.1,2.3,3.4,3.13,46,2.3,2.19,3.48,3.3,3.48,3.24,42,2.01,1.93,1.96,1.85,25,-0.25,1.93,1.88,2.01,1.95
T1,12/12/15,Antalyaspor,Mersin Idman Yurdu,,,,,,,1.91,3.6,3.75,2,3.4,3.5,2,3.3,3.3,1.95,3.6,3.6,1.97,3.87,3.85,2.05,3.4,3.25,1.95,3.8,3.6,48,2.05,1.97,3.87,3.55,3.85,3.56,41,1.75,1.67,2.29,2.15,26,-0.5,2.02,1.96,1.95,1.86
T1,12/12/15,Eskisehirspor,Gaziantepspor,,,,,,,2.1,3.3,3.5,2.05,3.3,3.4,2.1,3.3,3.1,2.1,3.3,3.5,2.12,3.53,3.72,2.05,3.25,3.4,2.15,3.4,3.5,48,2.18,2.09,3.53,3.31,3.75,3.46,44,2.13,2.04,1.9,1.75,25,-0.25,1.87,1.81,2.08,2.01
T1,12/12/15,Kasimpasa,Konyaspor,,,,,,,1.73,3.6,4.75,1.75,3.5,4.5,1.8,3.4,4,1.73,3.5,5,1.75,3.72,5.43,1.75,3.4,4.5,1.73,3.6,5.2,48,1.8,1.73,3.72,3.5,5.43,4.87,44,2.25,2.12,1.73,1.69,26,-0.5,1.76,1.72,2.21,2.14
T1,12/12/15,Rizespor,Trabzonspor,,,,,,,2.6,3.3,2.63,2.45,3.3,2.7,2.5,3.2,2.6,2.5,3.3,2.7,2.65,3.47,2.78,2.4,3.25,2.75,2.6,3.4,2.7,48,2.65,2.53,3.47,3.29,2.85,2.69,44,1.98,1.9,1.95,1.86,24,0,1.93,1.87,2.04,1.95
T1,13/12/15,Fenerbahce,Buyuksehyr,,,,,,,1.57,3.75,6,1.5,4,6,1.55,3.7,5.4,1.55,3.8,6,1.58,4.1,6.65,1.55,3.6,6,1.53,4.1,6.5,47,1.59,1.54,4.14,3.87,7,6.32,43,2.06,1.96,1.9,1.82,28,-1,2.04,1.95,1.92,1.87
T1,13/12/15,Genclerbirligi,Sivasspor,,,,,,,2.38,3.3,2.9,2.2,3.2,3.2,2.3,3.2,2.8,2.38,3.3,2.9,2.47,3.44,3.03,2.3,3.25,2.88,2.38,3.4,3,48,2.47,2.35,3.44,3.27,3.25,2.96,44,2.02,1.94,1.92,1.83,25,-0.25,2.12,2.02,1.85,1.8
T1,13/12/15,Kayserispor,Akhisar Belediyespor,,,,,,,2,3.3,3.8,2,3.2,3.7,2.1,3.3,3.1,2,3.2,4,2.02,3.37,4.3,2,3.1,3.75,2,3.3,4.1,48,2.1,1.99,3.4,3.24,4.3,3.88,37,2.47,2.31,1.6,1.57,26,-0.5,2.04,1.97,1.91,1.85
T1,14/12/15,Besiktas,Galatasaray,,,,,,,2.1,3.5,3.3,2,3.4,3.5,2.1,3.3,3.1,2.05,3.5,3.4,2.09,3.67,3.63,2,3.5,3.3,2.05,3.6,3.5,47,2.12,2.04,3.67,3.46,3.63,3.41,43,1.77,1.72,2.19,2.07,25,-0.25,1.84,1.79,2.11,2.04
